{
	"visualizationNames": [
		"Visualization 1",
		"Visualization 2",
		"Visualization 3",
		"Visualization 4",
		"Visualization 5",
		"Visualization 6"
	],
	"means": [
		4.230315508522389,
		0.21432290951073488,
		0.7102070546024226,
		0.3646570232202958,
		1.228342118067947,
		2.6069583231790885
	],
	"lowerBounds": [
		2.750778857237328,
		0.21432290951073488,
		0.7102070546024226,
		0.3646570232202958,
		1.1819989358564074,
		1.4526625873969923
	],
	"upperBounds": [
		4.257971845894892,
		0.4286458190214698,
		1.0827554257806522,
		0.7293140464405917,
		1.2503532503616492,
		1.4526625873969916
	]
}