{
    "visualizationNames": [
        "Visualization 2",
        "Visualization 4",
        "Visualization 3",
        "Visualization 5",
        "Visualization 6",
        "Visualization 1"
    ],
    "means": [
        0.21432290951073488,
        0.3646570232202958,
        0.7102070546024226,
        1.228342118067947,
        2.6069583231790885,
        4.230315508522389
    ],
    "lowerBounds": [
        0.21432290951073488,
        0.3646570232202958,
        0.7102070546024226,
        1.1819989358564074,
        1.4526625873969923,
        2.750778857237328
    ],
    "upperBounds": [
        0.4286458190214698,
        0.7293140464405917,
        1.0827554257806522,
        1.2503532503616492,
        1.4526625873969916,
        4.257971845894892
    ]
}