,Mean,Lower,Upper
Q1,0.51115802,0.51115802,0.703268075
Q3,1.212205373,0.838703149,1.303904075
Q2,1.309444164,1.309444164,1.543148586